Workbook

Sheet Equity-RELIANCE-EQ-26-02-2026-2
A1: DATE | B1: OPEN | C1: HIGH | D1: LOW | E1: CLOSE | F1: PREV. CLOSE | G1: LTP | H1: VWAP | I1: 52W H | J1: 52W L | K1: VOLUME | L1: VALUE | M1: NO. OF TRADES
A2: 46079 | B2: 1399 | C2: 1413 | D2: 1392 | E2: 1407 | F2: 1399 | G2: 1409 | H2: 1404 | I2: 1612 | J2: 1115 | K2: 16683858 | L2: 23424295897 | M2: 242404
A3: 46080 | B3: 1398 | C3: 1410 | D3: 1388 | E3: 1394 | F3: 1407 | G3: 1395 | H3: 1397 | I3: 1612 | J3: 1115 | K3: 12031440 | L3: 16813512507 | M3: 195405
A4: 46083 | B4: 1376 | C4: 1379 | D4: 1342 | E4: 1358 | F4: 1394 | G4: 1360 | H4: 1358 | I4: 1612 | J4: 1115 | K4: 23728722 | L4: 32228124370 | M4: 384813
A5: 46085 | B5: 1330 | C5: 1353 | D5: 1307 | E5: 1345 | F5: 1358 | G5: 1345 | H5: 1335 | I5: 1612 | J5: 1115 | K5: 32495007 | L5: 43367943821 | M5: 643399
A6: 46086 | B6: 1353 | C6: 1399 | D6: 1353 | E6: 1389 | F6: 1345 | G6: 1386 | H6: 1383 | I6: 1612 | J6: 1115 | K6: 25957532 | L6: 35899997226 | M6: 339169
A7: 46087 | B7: 1397 | C7: 1424 | D7: 1390 | E7: 1405 | F7: 1389 | G7: 1407 | H7: 1413 | I7: 1612 | J7: 1115 | K7: 19311971 | L7: 27285257300 | M7: 291792
A8: 46090 | B8: 1375 | C8: 1429 | D8: 1370 | E8: 1424 | F8: 1405 | G8: 1419 | H8: 1404 | I8: 1612 | J8: 1115 | K8: 24870822 | L8: 34920585822 | M8: 363998
A9: 46091 | B9: 1431 | C9: 1432 | D9: 1401 | E9: 1409 | F9: 1424 | G9: 1411 | H9: 1411 | I9: 1612 | J9: 1115 | K9: 18071259 | L9: 25497167383 | M9: 266712
A10: 46092 | B10: 1425 | C10: 1434 | D10: 1384 | E10: 1390 | F10: 1409 | G10: 1387 | H10: 1403 | I10: 1612 | J10: 1115 | K10: 21848087 | L10: 30651692543 | M10: 358595
A11: 46093 | B11: 1390 | C11: 1411 | D11: 1381 | E11: 1392 | F11: 1390 | G11: 1390 | H11: 1398 | I11: 1612 | J11: 1115 | K11: 20939959 | L11: 29264877794 | M11: 370385
A12: 46094 | B12: 1385 | C12: 1401 | D12: 1378 | E12: 1381 | F12: 1392 | G12: 1382 | H12: 1388 | I12: 1612 | J12: 1115 | K12: 17265090 | L12: 23968236255 | M12: 315335
A13: 46097 | B13: 1380 | C13: 1397 | D13: 1364 | E13: 1395 | F13: 1381 | G13: 1394 | H13: 1385 | I13: 1612 | J13: 1115 | K13: 22837802 | L13: 31619378232 | M13: 293132
... A58: 46167 | B58: 1367 | C58: 1371 | D58: 1357 | E58: 1367 | F58: 1355 | G58: 1366 | H58: 1363 | I58: 1612 | J58: 1290 | K58: 6750071 | L58: 9201071111 | M58: 139554

Sheet Perfomance Indicator
A1: Perfomance Indicator
A2: Daily Return | B2: Price Range | C2: Intraday Change | D2: Volume Strength Indicator | E2: Trending Signal
A3: =('Equity-RELIANCE-EQ-26-02-2026-2'!E2-'Equity-RELIANCE-EQ-26-02-2026-2'!B2) / 'Equity-RELIANCE-EQ-26-02-2026-2'!B2 -> 0.0057183703 | B3: =('Equity-RELIANCE-EQ-26-02-2026-2'!C2-'Equity-RELIANCE-EQ-26-02-2026-2'!D2) -> 21 | C3: =('Equity-RELIANCE-EQ-26-02-2026-2'!E2-'Equity-RELIANCE-EQ-26-02-2026-2'!F2) / 'Equity-RELIANCE-EQ-26-02-2026-2'!F2 -> 0.0057183703 | D3: =IF('Equity-RELIANCE-EQ-26-02-2026-2'!K2 > AVERAGE('Equity-RELIANCE-EQ-26-02-2026-2'!K:K), "High Volume", "Normal Volume") -> Normal Volume | E3: =IF('Equity-RELIANCE-EQ-26-02-2026-2'!E2 > 'Equity-RELIANCE-EQ-26-02-2026-2'!H2, "Bulish", "Bearish") -> Bulish
A4: =('Equity-RELIANCE-EQ-26-02-2026-2'!E3-'Equity-RELIANCE-EQ-26-02-2026-2'!B3) / 'Equity-RELIANCE-EQ-26-02-2026-2'!B3 -> -0.0028612303 | B4: =('Equity-RELIANCE-EQ-26-02-2026-2'!C3-'Equity-RELIANCE-EQ-26-02-2026-2'!D3) -> 22 | C4: =('Equity-RELIANCE-EQ-26-02-2026-2'!E3-'Equity-RELIANCE-EQ-26-02-2026-2'!F3) / 'Equity-RELIANCE-EQ-26-02-2026-2'!F3 -> -0.0092395167 | D4: =IF('Equity-RELIANCE-EQ-26-02-2026-2'!K3 > AVERAGE('Equity-RELIANCE-EQ-26-02-2026-2'!K:K), "High Volume", "Normal Volume") -> Normal Volume | E4: =IF('Equity-RELIANCE-EQ-26-02-2026-2'!E3 > 'Equity-RELIANCE-EQ-26-02-2026-2'!H3, "Bulish", "Bearish") -> Bearish
A5: =('Equity-RELIANCE-EQ-26-02-2026-2'!E4-'Equity-RELIANCE-EQ-26-02-2026-2'!B4) / 'Equity-RELIANCE-EQ-26-02-2026-2'!B4 -> -0.013081395 | B5: =('Equity-RELIANCE-EQ-26-02-2026-2'!C4-'Equity-RELIANCE-EQ-26-02-2026-2'!D4) -> 37 | C5: =('Equity-RELIANCE-EQ-26-02-2026-2'!E4-'Equity-RELIANCE-EQ-26-02-2026-2'!F4) / 'Equity-RELIANCE-EQ-26-02-2026-2'!F4 -> -0.025824964 | D5: =IF('Equity-RELIANCE-EQ-26-02-2026-2'!K4 > AVERAGE('Equity-RELIANCE-EQ-26-02-2026-2'!K:K), "High Volume", "Normal Volume") -> High Volume | E5: =IF('Equity-RELIANCE-EQ-26-02-2026-2'!E4 > 'Equity-RELIANCE-EQ-26-02-2026-2'!H4, "Bulish", "Bearish") -> Bearish
A6: =('Equity-RELIANCE-EQ-26-02-2026-2'!E5-'Equity-RELIANCE-EQ-26-02-2026-2'!B5) / 'Equity-RELIANCE-EQ-26-02-2026-2'!B5 -> 0.011278195 | B6: =('Equity-RELIANCE-EQ-26-02-2026-2'!C5-'Equity-RELIANCE-EQ-26-02-2026-2'!D5) -> 46 | C6: =('Equity-RELIANCE-EQ-26-02-2026-2'!E5-'Equity-RELIANCE-EQ-26-02-2026-2'!F5) / 'Equity-RELIANCE-EQ-26-02-2026-2'!F5 -> -0.0095729013 | D6: =IF('Equity-RELIANCE-EQ-26-02-2026-2'!K5 > AVERAGE('Equity-RELIANCE-EQ-26-02-2026-2'!K:K), "High Volume", "Normal Volume") -> High Volume | E6: =IF('Equity-RELIANCE-EQ-26-02-2026-2'!E5 > 'Equity-RELIANCE-EQ-26-02-2026-2'!H5, "Bulish", "Bearish") -> Bulish
A7: =('Equity-RELIANCE-EQ-26-02-2026-2'!E6-'Equity-RELIANCE-EQ-26-02-2026-2'!B6) / 'Equity-RELIANCE-EQ-26-02-2026-2'!B6 -> 0.026607539 | B7: =('Equity-RELIANCE-EQ-26-02-2026-2'!C6-'Equity-RELIANCE-EQ-26-02-2026-2'!D6) -> 46 | C7: =('Equity-RELIANCE-EQ-26-02-2026-2'!E6-'Equity-RELIANCE-EQ-26-02-2026-2'!F6) / 'Equity-RELIANCE-EQ-26-02-2026-2'!F6 -> 0.032713755 | D7: =IF('Equity-RELIANCE-EQ-26-02-2026-2'!K6 > AVERAGE('Equity-RELIANCE-EQ-26-02-2026-2'!K:K), "High Volume", "Normal Volume") -> High Volume | E7: =IF('Equity-RELIANCE-EQ-26-02-2026-2'!E6 > 'Equity-RELIANCE-EQ-26-02-2026-2'!H6, "Bulish", "Bearish") -> Bulish
A8: =('Equity-RELIANCE-EQ-26-02-2026-2'!E7-'Equity-RELIANCE-EQ-26-02-2026-2'!B7) / 'Equity-RELIANCE-EQ-26-02-2026-2'!B7 -> 0.0057265569 | B8: =('Equity-RELIANCE-EQ-26-02-2026-2'!C7-'Equity-RELIANCE-EQ-26-02-2026-2'!D7) -> 34 | C8: =('Equity-RELIANCE-EQ-26-02-2026-2'!E7-'Equity-RELIANCE-EQ-26-02-2026-2'!F7) / 'Equity-RELIANCE-EQ-26-02-2026-2'!F7 -> 0.011519078 | D8: =IF('Equity-RELIANCE-EQ-26-02-2026-2'!K7 > AVERAGE('Equity-RELIANCE-EQ-26-02-2026-2'!K:K), "High Volume", "Normal Volume") -> Normal Volume | E8: =IF('Equity-RELIANCE-EQ-26-02-2026-2'!E7 > 'Equity-RELIANCE-EQ-26-02-2026-2'!H7, "Bulish", "Bearish") -> Bearish
A9: =('Equity-RELIANCE-EQ-26-02-2026-2'!E8-'Equity-RELIANCE-EQ-26-02-2026-2'!B8) / 'Equity-RELIANCE-EQ-26-02-2026-2'!B8 -> 0.035636364 | B9: =('Equity-RELIANCE-EQ-26-02-2026-2'!C8-'Equity-RELIANCE-EQ-26-02-2026-2'!D8) -> 59 | C9: =('Equity-RELIANCE-EQ-26-02-2026-2'!E8-'Equity-RELIANCE-EQ-26-02-2026-2'!F8) / 'Equity-RELIANCE-EQ-26-02-2026-2'!F8 -> 0.013523132 | D9: =IF('Equity-RELIANCE-EQ-26-02-2026-2'!K8 > AVERAGE('Equity-RELIANCE-EQ-26-02-2026-2'!K:K), "High Volume", "Normal Volume") -> High Volume | E9: =IF('Equity-RELIANCE-EQ-26-02-2026-2'!E8 > 'Equity-RELIANCE-EQ-26-02-2026-2'!H8, "Bulish", "Bearish") -> Bulish
A10: =('Equity-RELIANCE-EQ-26-02-2026-2'!E9-'Equity-RELIANCE-EQ-26-02-2026-2'!B9) / 'Equity-RELIANCE-EQ-26-02-2026-2'!B9 -> -0.015373864 | B10: =('Equity-RELIANCE-EQ-26-02-2026-2'!C9-'Equity-RELIANCE-EQ-26-02-2026-2'!D9) -> 31 | C10: =('Equity-RELIANCE-EQ-26-02-2026-2'!E9-'Equity-RELIANCE-EQ-26-02-2026-2'!F9) / 'Equity-RELIANCE-EQ-26-02-2026-2'!F9 -> -0.010533708 | D10: =IF('Equity-RELIANCE-EQ-26-02-2026-2'!K9 > AVERAGE('Equity-RELIANCE-EQ-26-02-2026-2'!K:K), "High Volume", "Normal Volume") -> Normal Volume | E10: =IF('Equity-RELIANCE-EQ-26-02-2026-2'!E9 > 'Equity-RELIANCE-EQ-26-02-2026-2'!H9, "Bulish", "Bearish") -> Bearish
A11: =('Equity-RELIANCE-EQ-26-02-2026-2'!E10-'Equity-RELIANCE-EQ-26-02-2026-2'!B10) / 'Equity-RELIANCE-EQ-26-02-2026-2'!B10 -> -0.024561404 | B11: =('Equity-RELIANCE-EQ-26-02-2026-2'!C10-'Equity-RELIANCE-EQ-26-02-2026-2'!D10) -> 50 | C11: =('Equity-RELIANCE-EQ-26-02-2026-2'!E10-'Equity-RELIANCE-EQ-26-02-2026-2'!F10) / 'Equity-RELIANCE-EQ-26-02-2026-2'!F10 -> -0.013484741 | D11: =IF('Equity-RELIANCE-EQ-26-02-2026-2'!K10 > AVERAGE('Equity-RELIANCE-EQ-26-02-2026-2'!K:K), "High Volume", "Normal Volume") -> High Volume | E11: =IF('Equity-RELIANCE-EQ-26-02-2026-2'!E10 > 'Equity-RELIANCE-EQ-26-02-2026-2'!H10, "Bulish", "Bearish") -> Bearish
A12: =('Equity-RELIANCE-EQ-26-02-2026-2'!E11-'Equity-RELIANCE-EQ-26-02-2026-2'!B11) / 'Equity-RELIANCE-EQ-26-02-2026-2'!B11 -> 0.0014388489 | B12: =('Equity-RELIANCE-EQ-26-02-2026-2'!C11-'Equity-RELIANCE-EQ-26-02-2026-2'!D11) -> 30 | C12: =('Equity-RELIANCE-EQ-26-02-2026-2'!E11-'Equity-RELIANCE-EQ-26-02-2026-2'!F11) / 'Equity-RELIANCE-EQ-26-02-2026-2'!F11 -> 0.0014388489 | D12: =IF('Equity-RELIANCE-EQ-26-02-2026-2'!K11 > AVERAGE('Equity-RELIANCE-EQ-26-02-2026-2'!K:K), "High Volume", "Normal Volume") -> High Volume | E12: =IF('Equity-RELIANCE-EQ-26-02-2026-2'!E11 > 'Equity-RELIANCE-EQ-26-02-2026-2'!H11, "Bulish", "Bearish") -> Bearish
A13: =('Equity-RELIANCE-EQ-26-02-2026-2'!E12-'Equity-RELIANCE-EQ-26-02-2026-2'!B12) / 'Equity-RELIANCE-EQ-26-02-2026-2'!B12 -> -0.0028880866 | B13: =('Equity-RELIANCE-EQ-26-02-2026-2'!C12-'Equity-RELIANCE-EQ-26-02-2026-2'!D12) -> 23 | C13: =('Equity-RELIANCE-EQ-26-02-2026-2'!E12-'Equity-RELIANCE-EQ-26-02-2026-2'!F12) / 'Equity-RELIANCE-EQ-26-02-2026-2'!F12 -> -0.0079022989 | D13: =IF('Equity-RELIANCE-EQ-26-02-2026-2'!K12 > AVERAGE('Equity-RELIANCE-EQ-26-02-2026-2'!K:K), "High Volume", "Normal Volume") -> Normal Volume | E13: =IF('Equity-RELIANCE-EQ-26-02-2026-2'!E12 > 'Equity-RELIANCE-EQ-26-02-2026-2'!H12, "Bulish", "Bearish") -> Bearish
A14: =('Equity-RELIANCE-EQ-26-02-2026-2'!E13-'Equity-RELIANCE-EQ-26-02-2026-2'!B13) / 'Equity-RELIANCE-EQ-26-02-2026-2'!B13 -> 0.010869565 | B14: =('Equity-RELIANCE-EQ-26-02-2026-2'!C13-'Equity-RELIANCE-EQ-26-02-2026-2'!D13) -> 33 | C14: =('Equity-RELIANCE-EQ-26-02-2026-2'!E13-'Equity-RELIANCE-EQ-26-02-2026-2'!F13) / 'Equity-RELIANCE-EQ-26-02-2026-2'!F13 -> 0.010137581 | D14: =IF('Equity-RELIANCE-EQ-26-02-2026-2'!K13 > AVERAGE('Equity-RELIANCE-EQ-26-02-2026-2'!K:K), "High Volume", "Normal Volume") -> High Volume | E14: =IF('Equity-RELIANCE-EQ-26-02-2026-2'!E13 > 'Equity-RELIANCE-EQ-26-02-2026-2'!H13, "Bulish", "Bearish") -> Bulish
... A59: =('Equity-RELIANCE-EQ-26-02-2026-2'!E58-'Equity-RELIANCE-EQ-26-02-2026-2'!B58) / 'Equity-RELIANCE-EQ-26-02-2026-2'!B58 -> 0 | B59: =('Equity-RELIANCE-EQ-26-02-2026-2'!C58-'Equity-RELIANCE-EQ-26-02-2026-2'!D58) -> 14 | C59: =('Equity-RELIANCE-EQ-26-02-2026-2'!E58-'Equity-RELIANCE-EQ-26-02-2026-2'!F58) / 'Equity-RELIANCE-EQ-26-02-2026-2'!F58 -> 0.0088560886 | D59: =IF('Equity-RELIANCE-EQ-26-02-2026-2'!K58 > AVERAGE('Equity-RELIANCE-EQ-26-02-2026-2'!K:K), "High Volume", "Normal Volume") -> Normal Volume | E59: =IF('Equity-RELIANCE-EQ-26-02-2026-2'!E58 > 'Equity-RELIANCE-EQ-26-02-2026-2'!H58, "Bulish", "Bearish") -> Bulish

Sheet Dashboard
A2: RELIANCE Market Performance Dashboard
F4: Insight | G4: Result
F5: Market Trend | G5: =IF(AVERAGE('Equity-RELIANCE-EQ-26-02-2026-2'!E2:E58) > AVERAGE('Equity-RELIANCE-EQ-26-02-2026-2'!H2:H58), "Overall Bulish Trend", "Overall Bearish Trend") -> Overall Bulish Trend
F7: Volume Activity | G7: =IF(AVERAGE('Equity-RELIANCE-EQ-26-02-2026-2'!K2:K58)>10000000,"High Market Participation","Normal Participation") -> High Market Participation
F9: Momentum | G9: =IF(AVERAGE('Perfomance Indicator'!A2:A58)>0,"Positive Momentum","Negative Momentum") -> Positive Momentum
F11: Volatility | G11: =IF(AVERAGE('Perfomance Indicator'!B2:B58)>25,"High Volatility","Low Volatility") -> High Volatility
